77223355,CG5614UG,34
77223355,ON6540SA,46
49405528,XU6411QX,8
77223355,EW1994FO,41
41334788,CQ7026HG,65
41334788,OF6661LN,36
59871816,NA2262AN,48
59871816,UB7468SQ,68
59871816,ON6540SA,58
41334788,QJ3474KQ,13
49405528,LL1733VC,10
77223355,IJ2633VB,62
41334788,WF8130EJ,61
41334788,NA2262AN,36
74045383,MU4534DD,52
74045383,ZA4037ID,34
41334788,QM1355QW,25
49405528,OZ5846TF,36
49405528,TO3719OI,10
77223355,ME9511EJ,56
77223355,RG5641SL,32
59871816,DB5425JV,34
49405528,HX7509SS,39
49405528,FL8233NN,46
59871816,PY2368UR,20
59871816,TQ7085IX,67
59871816,UL2816HD,7
77223355,IT8310GB,40
41334788,RG5641SL,47
59871816,EW1994FO,39
41334788,OU5986RW,36
59871816,GX2188GB,38
74045383,EW1994FO,60
41334788,UT2471OX,27
77223355,PU8782TN,58
59871816,CQ7026HG,29
77223355,BJ1174AM,20
41334788,FX4598QC,54
59871816,YV5760BW,43
41334788,UW7057CE,68
59871816,MS4911NR,40
74045383,KR3058OH,62
41334788,JF9854RG,12
59871816,AV6615NW,9
41334788,QF8711PB,24
41334788,RS5412CP,63
77223355,MS4911NR,62
41334788,CO4540QO,12
49405528,CW9116WD,37
74045383,VM1767KU,58
59871816,CI9105HO,33
59871816,MU4534DD,59
41334788,XI9387DK,8
41334788,IJ2633VB,10
74045383,DQ8701MS,69
59871816,AT6583NT,29
41334788,LR8081ER,17
49405528,WN3995HZ,28
49405528,ER5817MM,36
77223355,JM5501SW,75
59871816,CI3630ND,30
41334788,LH7856DF,70
41334788,TO4924XO,74
41334788,HX6409XN,46
49405528,UB7468SQ,21
41334788,SB2546UL,30
41334788,GW9736BB,36
49405528,RS5412CP,13
59871816,ZD9824IK,18
59871816,NR6542WP,21
41334788,ZT6760GK,54
49405528,EA3007XC,7
41334788,RU2997OR,33
59871816,VA4307HP,49
41334788,KQ7486CD,56
59871816,JF9854RG,50
77223355,TE8991UQ,7
74045383,PD1639EO,29
41334788,MY8587XW,8
74045383,BC4893LG,49
59871816,XI9387DK,34
59871816,ZN3167XY,45
59871816,WG1806UA,65
41334788,WQ3852TB,55
41334788,LF9177YQ,48
74045383,AF8015EM,11
59871816,LF9177YQ,37
59871816,XW1458DU,27
41334788,AT6583NT,36
77223355,HX6409XN,62
59871816,RP6271BL,5
74045383,WB8148TN,43
41334788,GP6444NJ,18
59871816,AF8015EM,48
41334788,CB4453DW,34
77223355,TN9688YA,38
59871816,YU3404WN,9
77223355,MS4635LE,67
74045383,EQ5904CV,16
59871816,ZA8543MU,31
74045383,QA5298BS,62
59871816,TO4924XO,43
59871816,NO6758HB,8
74045383,HT6723QW,36
41334788,VI7832AZ,24
41334788,BT3315VD,39
49405528,AM6250DU,19
41334788,VY1210EZ,46
59871816,UM6418PQ,14
59871816,MQ9919FJ,59
74045383,NH6288RL,71
59871816,DK5398LE,14
41334788,UL2816HD,72
59871816,QM1355QW,50
59871816,JM5501SW,53
59871816,NC9328AG,64
77223355,VM1767KU,63
41334788,IT4208OQ,14
41334788,WL4712EJ,61
59871816,CG5614UG,40
49405528,XW1458DU,27
41334788,IT8053MF,11
77223355,CO4540QO,43
77223355,QT6611DW,17
49405528,PF2178PX,47
74045383,XW1458DU,35
41334788,GL7429JW,8
74045383,LS7561CB,61
77223355,ZT6760GK,9
49405528,JU3883RV,10
49405528,EW1994FO,17
41334788,BK6876FI,68
49405528,PP7349PH,17
41334788,KL7180EF,69
49405528,GZ9782CJ,34
49405528,MQ9919FJ,33
49405528,DL6219BB,30
59871816,UW7057CE,63
41334788,CK7628SP,20
41334788,JR9334YX,47
77223355,QJ3474KQ,61
41334788,AF8015EM,44
49405528,GX2188GB,40
41334788,SJ4820TV,63
59871816,ZT6760GK,59
41334788,VH7346TV,8
41334788,YU3404WN,33
59871816,XV8731UB,53
74045383,ES3919SN,75
59871816,LS7561CB,60
77223355,GL7429JW,28
41334788,MZ7814EO,52
77223355,EQ5904CV,61
59871816,DG7117TN,71
59871816,KE9851ZV,5
59871816,KQ7486CD,31
49405528,AF8015EM,28
49405528,WI4128DM,41
41334788,TN9688YA,47
74045383,XI9387DK,10
41334788,ZN3167XY,32
59871816,NP8044XS,42
41334788,RV5936UM,32
41334788,JJ7402FL,23
74045383,PF1853PQ,67
77223355,MZ7814EO,40
59871816,OZ5846TF,19
74045383,LR8081ER,47
77223355,WN3995HZ,30
49405528,ZK6045TQ,52
59871816,VK5569WA,19
49405528,AB6148GL,35
41334788,DG7117TN,27
41334788,SG8665UE,60
77223355,PX3867LY,30
49405528,CQ7026HG,24
41334788,AM6250DU,27
49405528,GL7429JW,54
49405528,IT8053MF,12
41334788,CI3630ND,54
41334788,RP6271BL,62
41334788,MY7450BH,37
41334788,FE5059EI,65
59871816,NI2660ZB,51
41334788,DY7148FQ,5
77223355,OU5986RW,69
49405528,FJ7850HZ,43
41334788,KE9851ZV,54
59871816,ES3919SN,28
74045383,LN4392WT,16
41334788,XW1458DU,25
74045383,NO6758HB,5
59871816,MZ7814EO,65
77223355,UM3196YJ,35
49405528,UZ9158GR,39
49405528,LS7561CB,44
49405528,LO8581RA,27
74045383,WW7693JQ,70
41334788,SK4804GC,27
77223355,XW1458DU,13
59871816,ZK6045TQ,50
59871816,DY4705CM,49
59871816,IT4208OQ,16
59871816,QA5298BS,36
41334788,NH6288RL,23
59871816,HT1525EV,63
49405528,NC4839JW,22
41334788,FK4438CD,52
59871816,LC2285UP,44
41334788,FW3184LU,39
74045383,VO3034VH,52
49405528,TU8727XR,36
41334788,TO3719OI,72
41334788,VW4512SJ,74
59871816,DG3859IW,16
49405528,XC5683NX,35
41334788,DF9803IR,33
59871816,FW3184LU,47
41334788,CG5614UG,5
41334788,UZ9158GR,34
49405528,JB8733DZ,38
59871816,CP6156WG,23
41334788,CC8875DL,36
41334788,NO6758HB,8
41334788,NR6542WP,20
74045383,XC5683NX,24
59871816,SD3050HJ,30
41334788,XG2841HD,49
77223355,CS5475RW,57
77223355,BT3315VD,66
74045383,VH7346TV,19
74045383,XV8731UB,33
49405528,KL7180EF,43
59871816,JJ7402FL,29
59871816,HA9951DJ,17
59871816,YN1123TS,7
77223355,KL7180EF,22
59871816,JV3344QJ,51
49405528,WB6072ZV,28
41334788,IT8310GB,15
41334788,FY2041OO,48
49405528,WO4252BX,18
74045383,FX3101KZ,28
77223355,ZM7428JA,7
77223355,NA2262AN,66
74045383,NI2660ZB,16
49405528,DQ8701MS,35
49405528,UM3196YJ,15
77223355,BO7117UM,8
77223355,FE5059EI,56
41334788,WB8148TN,11
41334788,AL2744VA,8
59871816,NH6288RL,75
74045383,JM5501SW,6
74045383,MS4635LE,61
59871816,LP9127DX,11
41334788,TJ8256BL,12
49405528,QJ3474KQ,8
49405528,PY2368UR,41
59871816,TE8991UQ,40
41334788,PU8782TN,66
59871816,WN3995HZ,35
41334788,AV6615NW,14
59871816,VQ1939LH,32
49405528,AK2082OC,42
49405528,FM3676XY,31
59871816,WL4712EJ,9
59871816,TA6107RM,49
59871816,VM1767KU,67
77223355,SB2546UL,62
49405528,NA2262AN,34
77223355,RS5412CP,48
41334788,KQ2743JR,57
49405528,IJ2633VB,7
59871816,BO7117UM,44
59871816,LN5471TX,19
59871816,YC4855NM,5
41334788,XX9509ZX,55
77223355,SB4803YB,51
49405528,JM5501SW,26
49405528,WM9620AU,47
59871816,UZ9158GR,71
41334788,YV5760BW,56
41334788,WI4128DM,7
77223355,ZD9824IK,37
59871816,WW7693JQ,47
59871816,JU3883RV,50
59871816,RG6987WH,34
41334788,OW7736SR,67
41334788,UM3196YJ,59
59871816,HX7509SS,51
74045383,UT2471OX,54
41334788,YC4855NM,71
41334788,TA6107RM,56
59871816,MS4635LE,42
77223355,FX4598QC,41
59871816,ER5817MM,13
41334788,FL8233NN,61
49405528,QA5298BS,27
41334788,WN3995HZ,17
77223355,WW7693JQ,45
41334788,SD8512ZT,39
74045383,FT8646ET,47
59871816,HX6409XN,69
49405528,LR8081ER,35
59871816,IS3363GP,48
49405528,SB4803YB,48
41334788,MQ9919FJ,12
41334788,TE8991UQ,28
59871816,FL8233NN,38
41334788,AK2082OC,72
41334788,UM1284HF,74
77223355,KQ7486CD,25
49405528,YU3404WN,39
41334788,XJ9839VJ,41
41334788,ES3919SN,55
59871816,PX3867LY,24
59871816,AK2082OC,52
49405528,NO6758HB,34
49405528,RU9919GT,23
59871816,CR4882TZ,37
49405528,JF9854RG,30
41334788,PF2178PX,42
49405528,XE1517PU,13
77223355,AF8015EM,18
41334788,BJ1174AM,25
77223355,AV6615NW,28
49405528,LN5471TX,18
59871816,LH7856DF,18
77223355,AT6583NT,37
59871816,AT2717LA,57
41334788,VK5569WA,15
41334788,NC9328AG,41
74045383,AV6615NW,51
49405528,LN4392WT,39
77223355,SD3050HJ,67
41334788,BC4893LG,36
59871816,JB8733DZ,32
49405528,CG5614UG,41
49405528,PD1639EO,26
49405528,ON6540SA,18
74045383,FJ7850HZ,67
74045383,HX6409XN,63
59871816,OF6661LN,20
41334788,DQ8701MS,14
41334788,NP8044XS,12
59871816,AL2744VA,15
77223355,FL8233NN,46
59871816,PF1853PQ,56
49405528,XV8731UB,36
49405528,UW7057CE,16
41334788,JB8733DZ,6
77223355,QM1355QW,51
74045383,DF9803IR,37
77223355,JF9854RG,25
74045383,AL2744VA,8
41334788,ZA8543MU,10
41334788,VA4307HP,26
59871816,RL5677LO,71
74045383,GL7429JW,72
49405528,DG3859IW,49
74045383,MY8587XW,28
41334788,WW7693JQ,44
49405528,SG8665UE,22
49405528,LH7856DF,51
41334788,MS4911NR,70
59871816,BY2824ZA,7
49405528,SC9916YW,41
41334788,LC2285UP,43
49405528,FY7169DW,27
59871816,HT6723QW,13
49405528,CS5475RW,14
74045383,VA4307HP,9
49405528,DK5398LE,32
49405528,FK4438CD,11
77223355,VA4307HP,62
59871816,YB9897SE,25
41334788,WG1806UA,71
77223355,RU2997OR,40
59871816,AM6250DU,29
59871816,YG2998YZ,29
49405528,KQ7486CD,51
59871816,SA2977ME,18
49405528,KE9851ZV,6
49405528,RP6271BL,18
41334788,PP7349PH,30
77223355,LO8581RA,20
41334788,RP7586UG,42
77223355,IS6885CB,71
49405528,YV5760BW,45
74045383,SB2546UL,45
49405528,XJ9839VJ,55
41334788,MS4635LE,29
41334788,FJ7850HZ,16
59871816,PD1639EO,19
41334788,CR4882TZ,32
41334788,OO7015WT,52
41334788,ON6540SA,38
41334788,WG3813FU,7
77223355,VK5569WA,72
77223355,UZ9158GR,11
41334788,YG2998YZ,28
77223355,FW3184LU,42
59871816,WM9620AU,73
59871816,QJ3474KQ,70
59871816,BX3667AP,40
59871816,ZN9028MQ,9
59871816,FJ7850HZ,29
74045383,WF8130EJ,24
74045383,PY2368UR,11
77223355,ES3919SN,75
74045383,AT2197ZH,71
74045383,RP7586UG,28
41334788,PD1639EO,34
41334788,AV2818EB,62
59871816,RU2997OR,23
59871816,ME9511EJ,56
77223355,OW7736SR,58
41334788,AT2197ZH,38
41334788,JU3883RV,58
41334788,HG1768VE,34
59871816,TD1615DN,10
77223355,GW9736BB,20
59871816,FY7169DW,51
49405528,BY2824ZA,45
49405528,BX3667AP,54
59871816,RU9919GT,55
59871816,LR8081ER,16
59871816,OQ5095ZV,70
49405528,SB2546UL,50
59871816,LN4392WT,43
74045383,YN1123TS,15
49405528,QM1355QW,52
41334788,EQ5904CV,52
49405528,UT2471OX,29
59871816,BK6876FI,21
41334788,HT1525EV,58
41334788,ER5817MM,51
41334788,CH3192KQ,26
74045383,QJ3474KQ,63
74045383,RW3837XQ,26
59871816,DL6219BB,39
74045383,MQ9919FJ,64
41334788,OV9937ME,50
74045383,ZN9028MQ,36
59871816,XG2841HD,14
41334788,HT6723QW,17
77223355,WO4252BX,26
41334788,VG5202TY,69
41334788,SD3050HJ,26
49405528,KB6601QW,50
41334788,DB5425JV,41
59871816,RG5641SL,36
59871816,LO8581RA,60
41334788,NI2660ZB,33
59871816,OW7736SR,71
59871816,AB6148GL,29
41334788,ZK6045TQ,26
77223355,ZN3167XY,43
49405528,OQ5095ZV,27
59871816,CW9116WD,58
59871816,FM3676XY,43
59871816,FX4598QC,9
41334788,QA5298BS,28
77223355,JR9334YX,71
41334788,RW8740KF,69
74045383,OW7736SR,38
41334788,WO6474BW,7
49405528,UL6621CD,49
59871816,WB6072ZV,56
59871816,UT2471OX,54
77223355,IT4208OQ,71
49405528,AX2084DP,35
59871816,SB4803YB,36
41334788,ZM7428JA,30
41334788,TD1615DN,12
49405528,WB8148TN,26
59871816,OU5986RW,25
41334788,DG3859IW,7
41334788,WM9620AU,48
49405528,RG6987WH,12
41334788,ME9511EJ,70
49405528,UM6418PQ,43
41334788,BO7117UM,25
49405528,NR6542WP,39
41334788,QT6611DW,51
74045383,EA3007XC,43
41334788,PE4236AL,73
41334788,LO8581RA,51
74045383,BO7117UM,61
41334788,HX7509SS,40
74045383,WL4712EJ,19
77223355,JJ7402FL,38
49405528,DB5425JV,41
41334788,TU8727XR,12
77223355,LF9177YQ,70
59871816,OV9937ME,53
49405528,JJ7402FL,33
49405528,ZN3167XY,13
41334788,KB6601QW,19
59871816,WO6474BW,47
59871816,SC9916YW,36
41334788,AX2084DP,18
49405528,OW7736SR,6
74045383,OV9937ME,63
74045383,CG5614UG,44
41334788,AT2717LA,15
41334788,FX3101KZ,16
49405528,HA9951DJ,17
77223355,FT8646ET,72
41334788,NR5876YA,67
59871816,IJ2633VB,9
41334788,CI9105HO,41
59871816,SJ4820TV,9
41334788,GX2188GB,32
41334788,IS3363GP,51
41334788,UB7468SQ,56
74045383,PK7004PF,11
41334788,YB9897SE,75
59871816,IT8053MF,72
49405528,DY7148FQ,20
74045383,WM9620AU,31
59871816,LL1733VC,64
49405528,OV9937ME,53
59871816,BT3315VD,35
59871816,AV2818EB,67
41334788,WB6072ZV,54
59871816,FT8646ET,6
77223355,BN3257BY,74
41334788,SA2977ME,13
59871816,BJ1174AM,54
41334788,RG6987WH,62
74045383,ZM7428JA,20
59871816,VI7832AZ,25
49405528,HX6409XN,54
41334788,KR3058OH,18
41334788,TR8895WG,34
77223355,IE7034BY,18
77223355,TA6107RM,46
59871816,CH3192KQ,23
77223355,BC4893LG,30
41334788,ZD9824IK,38
59871816,EQ5904CV,50
49405528,PX3867LY,53
59871816,WQ3852TB,17
41334788,IY2902QK,63
49405528,WQ3852TB,30
49405528,VM1767KU,33
41334788,DY4705CM,39
49405528,ZN9028MQ,39
74045383,TA6107RM,42
41334788,II2522RY,50
74045383,BJ1174AM,31
41334788,OZ5846TF,9
74045383,IT8310GB,9
59871816,VG5202TY,23
49405528,TJ8256BL,56
74045383,QF8711PB,45
77223355,IT8053MF,61
77223355,OV9937ME,48
41334788,HU6690FK,60
74045383,IS6885CB,26
59871816,WO4252BX,35
59871816,AX2084DP,73
49405528,ZA8543MU,47
59871816,WI4128DM,70
49405528,BN3257BY,40
41334788,XE1517PU,60
41334788,XC5683NX,16
59871816,PE4236AL,23
77223355,PU4782SM,33
77223355,NC9328AG,44
77223355,DL6219BB,34
49405528,WF8130EJ,10
41334788,CP6156WG,48
74045383,PP7349PH,41
41334788,WO4252BX,62
74045383,UM3196YJ,20
77223355,OO7015WT,68
59871816,MY7450BH,25
41334788,IE7034BY,47
59871816,XJ9839VJ,49
41334788,PU4782SM,60
41334788,JM5501SW,53
41334788,IO5911NT,19
41334788,EW1994FO,13
59871816,RW8740KF,14
49405528,II2522RY,48
41334788,BN3257BY,23
59871816,QF8711PB,65
41334788,LL1733VC,35
41334788,LS7561CB,71
74045383,CI9105HO,55
59871816,IY2902QK,47
77223355,TO4924XO,75
74045383,WB6072ZV,57
49405528,RW3837XQ,36
59871816,RW3837XQ,17
74045383,PF2178PX,43
59871816,TJ8256BL,43
59871816,DY7148FQ,66
41334788,PY2368UR,20
49405528,FY2041OO,37
41334788,RW3837XQ,22
49405528,VW4512SJ,5
77223355,RW3837XQ,37
77223355,PE4236AL,28
41334788,GZ9782CJ,54
59871816,KL7180EF,71
49405528,JV3344QJ,52
74045383,PX3867LY,5
59871816,DQ8701MS,7
59871816,QT6611DW,52
41334788,EA3007XC,72
59871816,VH7346TV,22
41334788,LN5471TX,15
59871816,XU6411QX,71
41334788,JV3344QJ,29
41334788,ZA4037ID,47
59871816,UD2381PB,28
41334788,FY7169DW,56
49405528,NI2660ZB,30
59871816,KQ2743JR,58
41334788,RU9919GT,26
77223355,FJ7850HZ,29
59871816,AT2197ZH,60
77223355,ZN9028MQ,59
49405528,QF8711PB,15
41334788,XV8731UB,63
59871816,SB2546UL,11
59871816,GW9736BB,25
41334788,TQ7085IX,36
74045383,DB5425JV,50
77223355,JU3883RV,8
41334788,NC4839JW,43
59871816,IS6885CB,73
77223355,PK7004PF,62
74045383,VK5569WA,7
41334788,BX3667AP,16
59871816,VW4512SJ,14
49405528,CK7628SP,18
59871816,VO3034VH,37
49405528,MS4635LE,32
41334788,FM3676XY,50
41334788,UL6621CD,49
77223355,ZA8543MU,24
59871816,IO5911NT,14
59871816,SK4804GC,51
74045383,DY4705CM,39
41334788,YN1123TS,65
74045383,JB8733DZ,22
49405528,WL4712EJ,39
49405528,XI9387DK,10
41334788,VO3034VH,55
59871816,TO3719OI,44
77223355,LP9127DX,53
41334788,AB6148GL,31
74045383,JV3344QJ,26
59871816,UM3196YJ,27
59871816,RP7586UG,37
59871816,PU8782TN,41
77223355,JV3344QJ,24
49405528,AL2744VA,18
77223355,NH6288RL,43
74045383,VW4512SJ,16
77223355,LC2285UP,43
77223355,TQ7085IX,71
77223355,WQ3852TB,65
41334788,MU4534DD,11
41334788,XU6411QX,20
41334788,UM6418PQ,19
41334788,IS6885CB,41
59871816,CO4540QO,27
77223355,YN1123TS,59
59871816,HG1768VE,37
49405528,BK6876FI,21
49405528,RV5936UM,22
41334788,RL5677LO,44
59871816,XC5683NX,68
41334788,PX3867LY,5
77223355,GP6444NJ,47
59871816,TU8727XR,75
41334788,SB4803YB,39
41334788,VQ1939LH,66
74045383,JR9334YX,49
59871816,PF2178PX,63
49405528,OU5986RW,34
41334788,BY2824ZA,44
59871816,TN9688YA,8
77223355,CI9105HO,74
41334788,CW9116WD,25
49405528,WO6474BW,13
77223355,FY2041OO,74
41334788,LN4392WT,31
41334788,PF1853PQ,8
49405528,CP6156WG,8
41334788,UD2381PB,41
41334788,ZN9028MQ,50
77223355,MY7450BH,8
77223355,CP6156WG,39
59871816,BN3257BY,75
77223355,RG6987WH,16
77223355,XE1517PU,21
49405528,PK7004PF,19
74045383,SD8512ZT,40
41334788,LP9127DX,53
41334788,NH7133NN,63
49405528,FW3184LU,50
74045383,IS3363GP,47
41334788,OQ5095ZV,59
59871816,SD8512ZT,11
49405528,WG1806UA,23
74045383,VQ1939LH,71
41334788,CT7633XV,49
49405528,FE5059EI,49
41334788,HA9951DJ,53
59871816,DF9803IR,63
49405528,MY7450BH,42
77223355,AK2082OC,19
59871816,NC4839JW,7
77223355,QA5298BS,68
74045383,GW9736BB,70
41334788,DK5398LE,31
41334788,PK7004PF,54
59871816,VY1210EZ,34
74045383,WG3813FU,9
59871816,WF8130EJ,50
49405528,QT6611DW,12
49405528,MS4911NR,12
41334788,VM1767KU,30
59871816,FK4438CD,57
59871816,FX3101KZ,72
49405528,VH7346TV,26
49405528,TE8991UQ,24
49405528,SJ4820TV,7
49405528,TA6107RM,17
59871816,WG3813FU,61
41334788,QM9331MK,21
59871816,RS5412CP,55
41334788,FT8646ET,19
49405528,DF9803IR,52
59871816,ZA4037ID,74
41334788,CS5475RW,12
59871816,ZM7428JA,44
49405528,VK5569WA,10
49405528,RP7586UG,29
59871816,WB8148TN,44
77223355,PD1639EO,36
49405528,HU6690FK,22
41334788,DL6219BB,18
74045383,LC2285UP,66
41334788,SC9916YW,61
